<?xml version="1.0" encoding="UTF-8"?>

<beans xmlns="http://www.springframework.org/schema/beans"
	xmlns:xsi="http://www.w3.org/2001/XMLSchema-instance" xmlns:p="http://www.springframework.org/schema/p"
	xmlns:context="http://www.springframework.org/schema/context"
	xsi:schemaLocation="http://www.springframework.org/schema/beans

http://www.springframework.org/schema/beans/spring-beans-3.0.xsd
http://www.springframework.org/schema/context
http://www.springframework.org/schema/context/spring-context-3.0.xsd">



	<context:component-scan base-package="com"/><!--base package of vo,dao,con-->


	<bean class ="org.springframework.beans.factory.annotation.AutowiredAnnotationBeanPostProcessor"/>

	<bean
		class="org.springframework.web.servlet.view.InternalResourceViewResolver">
		<property name="prefix" value="/WEB-INF/view/" /><!--path where files are located-->
		<property name="suffix" value=".jsp" /><!--extensions of located files-->
	</bean>

	<bean id="dataSource" class="org.apache.commons.dbcp2.BasicDataSource">
		<property name="driverClassName" value="com.mysql.jdbc.Driver"/>
		<property name="url" value="jdbc:mysql://localhost/"/>
		<property name="username" value=""/>
		<property name="password" value=""/>
	</bean>

	<context:annotation-config />

	<bean id="sessionFactory" class="org.springframework.orm.hibernate4.LocalSessionFactoryBean">

		<property name="dataSource" ref="dataSource"/>
		<property name="annotatedClasses">
			<list>
				<value>com.VO.FormVO</value><!--vo file destination-->
				<value>com.VO.FormVO</value><!--vo file destination-->
				<value>com.VO.FormVO</value><!--vo file destination-->
				<value>com.VO.FormVO</value><!--vo file destination-->
			</list>
		</property>

		<property name="hibernateProperties">
			<props>
				<prop key="hibernate.dialect">org.hibernate.dialect.MySQLDialect</prop>
				<prop key="hibernate.show_sql">true</prop>
				<prop key="hibernate.hbm2ddl.auto">update</prop>
			</props>
		</property>

	</bean>

</beans>